{"cameraMode":{"drawMode":0,"name":"Shaded","section":"Shading Mode"},"sceneLighting":true,"audioPlay":false,"sceneViewState":{"showFog":true,"showMaterialUpdate":true,"showSkybox":true,"showFlares":true,"showImageEffects":true,"showParticleSystems":true},"in2DMode":false,"pivot":{"x":9.770206451416016,"y":36.72181701660156,"z":-438.49957275390627},"rotation":{"x":-0.024599099531769754,"y":0.0014980628620833159,"z":0.00003249476503697224,"w":0.9996962547302246},"size":223.3081817626953,"orthographic":false}